143646	42211177
628197	1191306
628197	16921437
783984	69054437
783984	51157491
783984	185245999
783984	190934200
783984	170993952
783984	1217112
783984	46582429
783984	140438021
783984	23920500
783984	46900872
783984	250937438
783984	163354915
783984	3247668
783984	6591169
802895	123988342
802895	5595242
870739	8812837
870739	259307449
876964	92678374
876964	95761834
876964	161634943
876964	248084155
876964	58466909
876964	157566212
1191306	395016185
1192022	12002169
1192022	16775080
1192022	3691673
1328912	2347983
1328912	27418298
1525256	3141257
1525256	112996111
1525256	4928247
1525256	30783568
1525256	454469494
1525256	1217112
1525256	12811608
1525256	3247668
1525256	6591169
1548869	210683097
1674048	4314685
1674048	20777065
1674048	5595242
1999644	118682198
1999644	51157491
2014662	164573153
2014662	468695840
2014662	77415490
2014662	140806331
2014662	40735817
2103182	12002169
2246707	3930708
2246707	783984
2246707	190934200
2246707	380000141
2246707	1217112
2246707	4276867
2246707	125776873
2246707	12811608
2246707	3247668
2246707	115642551
2246707	487383608
2246707	6591169
2494013	11268874
2494013	6047141
2494013	6591169
2591584	235778159
2656884	38450795
2656884	445838058
2763196	134878936
2764576	92678374
2764576	4314685
2790955	19248427
2816275	13393904
3128036	118491194
3141257	46900872
3141257	12811608
3141257	3247668
3141257	128095331
3167233	1217112
3175213	92678374
3175213	91161660
3192276	92678374
3192276	211908781
3192276	88600057
3192276	400331228
3275321	9702119
3275321	5668935
3275321	26108515
3381588	185245999
3381588	201376440
3381588	37638729
3416896	64684306
3416896	268351018
3467655	4767643
3691673	445838058
3930708	176393720
3930708	171275817
4236251	104341687
4236251	12626863
4259507	12811608
4276867	2246707
4276867	46613654
4276867	277297328
4276867	11229531
4276867	46023883
4276867	14933725
4276867	3247668
4276867	487383608
4276867	6591169
4325601	400331228
4376057	146696870
4376057	2347983
4376057	26272554
4376057	12286258
4539096	46582429
4552233	4928247
4552233	170993952
4767643	163354915
4928247	2246707
4928247	11229531
4928247	27418298
4928247	1358645
4928247	4552233
4928247	1525256
4928247	1217112
4928247	4506846
4942648	319024293
5168446	92678374
5168446	306909436
5445094	449691679
5445094	16840127
5445094	11077359
5445094	182874675
5445999	7949206
5595242	1674048
5648686	92678374
5648686	58287885
5648686	321974533
5653150	92678374
5653150	108820916
5653150	72753802
5653150	28478225
5653150	24135118
5756855	297929950
6047141	7588476
6127517	137928186
6127517	92678374
6127517	134878936
6127517	8908389
6127517	58466909
6127517	783984
6127979	40546643
6243761	395016185
6287046	47081076
6444023	158964458
6444023	332784367
6444023	92678374
6444023	134878936
6444023	3141257
6444023	340380789
6444023	9494175
6444023	101911934
6444023	3705457
6444023	46757603
6444023	55113986
6444023	22420378
6444023	46582429
6444023	140438021
6444023	123988342
6444023	36631417
6537315	85980030
6537315	71938301
6537315	65535290
6537315	193394780
6537315	395016185
6759605	4314685
6759605	12165287
6759605	7588476
6759605	6047141
7528948	71416435
7588476	42211177
7588476	6759605
7588476	6047141
7649716	38178584
7649716	19248427
7675935	134878936
7949206	50159317
7949206	400331228
7949206	5445999
8002434	3705457
8002434	19170665
8002434	123988342
8312705	9702119
8354908	13374940
8382344	39096471
8382344	21132389
8570975	134878936
8570975	346178259
8570975	11534256
8570975	12002169
8570975	37709667
8570975	16143541
8570975	185245999
8570975	61425889
8570975	46582429
8570975	123988342
8570975	157611164
8758530	144942637
8812837	870739
8849396	11834637
8882001	381482815
8882001	37459474
8882001	248790964
8882001	445838058
8904864	4314685
8908389	846291
8908389	250937438
8908389	10324647
8908389	1812291
8908389	6591169
8908389	64684306
9131249	145882022
9131249	170993952
9131249	445838058
9322715	23870236
9404553	26108515
9404553	121123869
9494175	213071042
9494175	332784367
9494175	92678374
9494175	164517823
9494175	3141257
9494175	135537252
9494175	27418298
9494175	182668195
9494175	54298423
9494175	4581228
9494175	4314685
9494175	76472821
9494175	42173789
9494175	101911934
9494175	3705457
9494175	16585883
9494175	6444023
9494175	141414073
9494175	8908389
9494175	12626863
9494175	166690102
9494175	58466909
9494175	102155820
9494175	50706090
9494175	500907872
9494175	783984
9494175	190934200
9494175	135304745
9494175	46582429
9494175	256840117
9494175	250937438
9494175	83853002
9494175	437324191
9496983	13013837
9563462	445838058
9563462	58406385
9702119	8312705
9702119	174760293
9702119	3275321
10324647	11229531
10324647	29023583
10324647	8908389
10324647	13755895
10484713	246958694
10484713	100865244
10484713	180586667
10484713	29817435
10484713	34187602
10484713	329012861
10569127	5668935
10569127	143798843
10569127	120493306
10569127	22223969
10843065	50159317
11077359	449691679
11077359	73401512
11077359	5445094
11077359	46900872
11209490	32167996
11229531	4276867
11229531	176184405
11229531	46900872
11229531	10324647
11229531	6591169
11268874	2494013
11268874	201376440
11380749	5668935
11380749	3481998
11534256	45103078
11834637	8849396
11834637	6172304
12002169	2103182
12002169	134878936
12002169	1192022
12002169	8570975
12002169	79946289
12165287	92678374
12165287	97810292
12165287	76472821
12165287	6759605
12165287	6047141
12219562	54298423
12219562	4314685
12219562	183928744
12219562	29176604
12219562	13755895
12219562	15347617
12219562	4506846
12219562	12811608
12219562	20055679
12279294	14611823
12286258	454202090
12286258	4376057
12626863	6172304
12626863	185245999
12626863	176184405
12626863	34453247
12626863	15420421
12657356	129820897
12657356	92678374
12657356	3141257
12657356	148122983
12681455	17054090
12681455	112044001
12681455	253318629
12811608	246958694
12811608	33201748
12811608	71586949
12811608	395016185
12889570	45103078
12994353	11888251
13013837	9496983
13267441	4314685
13374940	4314685
13374940	51157491
13374940	8354908
13393904	2816275
13755895	152245801
13820740	42522980
14166413	129056837
14176283	41219796
14176283	37269369
14183307	11534256
14183307	175480849
14183307	311748656
14183307	100865244
14183307	41788607
14213856	45514583
14213856	54881809
14345241	32673732
14580646	69274259
14580646	17860571
14580646	45573883
14580646	34236860
14580646	19199852
14580646	36581239
14580646	66828459
14580646	42223265
14597017	73470956
14597017	119941678
14611823	12279294
14611823	75788363
14611823	59914589
14611823	380000141
14611823	211044765
14671067	39824415
14802751	4314685
14802751	23122233
14802751	247458483
14933725	6591169
15420421	92678374
15420421	42173789
15420421	3705457
15420421	105987613
15420421	12626863
15420421	123988342
15420421	34453247
15659203	20277482
15659203	44806712
15659203	4314685
15659203	137924064
15689190	71586949
15689190	12811608
15689190	163354915
15689190	271833283
15757516	62182312
15848659	53341397
15848659	47530948
15848659	115739489
15848659	34453247
16070154	20943011
16070154	802895
16070154	3366273
16297844	81507887
16297844	32041776
16297844	45514583
16297844	1598092
16297844	126498296
16297844	32673732
16489671	34809581
16489671	37523692
16489671	400331228
16541225	8904864
16541225	8908389
16541225	23019892
16585883	332784367
16585883	92678374
16585883	135537252
16585883	34809581
16585883	295192848
16585883	9494175
16585883	418196444
16585883	101911934
16585883	3705457
16585883	19268393
16585883	159325702
16585883	58352145
16585883	8908389
16585883	210959481
16585883	55319050
16585883	783984
16585883	190934200
16585883	42522980
16585883	135304745
16585883	140438021
16585883	73154214
16585883	256840117
16585883	250937438
16585883	115642551
16585883	83853002
16585883	437324191
16609592	89458141
16609592	31029562
16775080	163354915
16775080	40546643
16779762	34510856
16779762	210683097
16840127	5445094
16921437	1191306
16921437	9179605
16921437	628197
16921437	380000141
17108359	26234577
17108359	62298337
17248486	3481998
17248486	358205398
17500492	377878453
17500492	190207487
17500492	92678374
17500492	76472821
17500492	37269369
17500492	72096699
17644137	25948680
17646484	7194141
17646484	97285976
17649836	23261000
17649836	344255083
17649836	20675637
17649836	132379176
17765851	14666772
18277386	183928744
18277386	61425889
18484719	92678374
18484719	134878936
18484719	14504172
18560227	296723545
19095950	45514583
19095950	143078081
19098871	61422643
19170665	24367374
19170665	31255512
19170665	185245999
19170665	197218411
19170665	400331228
19192382	445202054
19192382	395016185
19199852	45573883
19199852	34236860
19199852	14580646
19248427	2790955
19248427	255035587
19248427	140438021
19248427	176184405
19248427	103513971
19723146	182618003
20055679	12219562
20106742	92678374
20106742	189153022
20323641	288953866
20323641	3141257
20323641	22129227
20387003	137924064
20777065	38475271
20777065	1674048
20777065	177205265
21032022	33457384
21032022	23122233
21283343	6109337
21283343	37664466
21291700	50618691
21291700	43230241
21291700	455597554
21291700	22805872
21291700	226238231
21334487	185245999
21334487	140438021
21334487	100865244
21334487	31029562
21334487	211831266
21334487	22070783
21420551	145871240
21420551	39558927
21420551	4314685
21420551	7194141
21420551	16775080
21420551	551808825
22052363	104760595
22052363	83798735
22129227	133887655
22129227	20323641
22129227	120049594
22264748	52299262
22264748	17277417
22286468	146889829
22286468	45573883
22286468	41219796
22286468	139524641
22286468	61425889
22286468	46582429
22286468	400331228
22286468	47530948
22381646	141415864
22381646	400331228
22381646	390276595
22420378	3141257
22420378	78692643
22420378	130904748
22420378	459719814
22420378	4314685
22420378	6444023
22426402	469667289
22426402	85603370
22426402	373012756
22426402	783984
22426402	50042449
22438590	117063023
22438590	125661704
22526977	269237329
22805872	3705457
22805872	21291700
22805872	100865244
23122233	4314685
23122233	14802751
23122233	21032022
23122233	224152490
23220447	497646974
23220447	32541359
23220447	27418298
23431639	288687880
23870236	268351018
24005140	123988342
24068011	104587029
24068011	83798735
24068011	61425889
24367374	95761834
24367374	52079998
24367374	248084155
24367374	12029127
24367374	19170665
24367374	140806331
24635735	50061724
24822984	147793269
25195517	248084155
25195517	1358645
25195517	12029127
25297483	154898337
25623006	207104198
25623006	105670040
25623006	142619384
25623006	377948589
25661171	136509466
25661171	302721419
25661171	185245999
25661171	176184405
25715915	135347775
25899937	280259062
25948680	17644137
25954079	90812723
26212195	229996568
26212195	373012756
26212195	4314685
26212195	29700420
26212195	53147047
26212195	197159652
26212195	118491194
26212195	145446999
26257634	266171419
26257634	58352145
26272554	146696870
26272554	92678374
26272554	37664466
26272554	154293212
26272554	5595242
26272554	4376057
26272554	395016185
26363501	4314685
26363501	31296255
26698864	92678374
26736542	46565783
26736542	6109337
27025184	35355315
27025184	4314685
27166790	350207564
27166790	497665465
27224005	92678374
27224005	3141257
27224005	199304476
27224005	185245999
27418298	6591169
27418298	34453247
27564388	13786584
27564388	445838058
27610128	95403845
28478225	54179810
28478225	5653150
28832466	98249232
28832466	4314685
28832466	31296255
28832466	47530948
28832466	139806799
29017597	497646974
29017597	228520975
29017597	256840117
29023583	10324647
29023583	6591169
29137141	50159317
29176604	12219562
29176604	311748656
29176604	63942073
29176604	50159317
29817435	10484713
30025144	495785743
30076456	3691673
30197281	139342518
30197281	31621594
30650194	23431639
30650194	92401705
31029562	185245999
31029562	140438021
31029562	22070783
31029562	32673732
31255512	108833462
31255512	166761307
31255512	170065238
31255512	19170665
31255512	295076097
31296255	123988342
31296255	15347617
31296255	26363501
31615824	156635169
31621594	26234577
31621594	11534256
31621594	30197281
31621594	135352525
32034397	269753454
32034397	4314685
32034397	94584996
32034397	295076097
32084986	93685835
32084986	4314685
32084986	31296255
32084986	201376440
32084986	102438990
32084986	195037787
32169532	172343397
32174935	192361869
32174935	4314685
32174935	78791516
32174935	176758976
32174935	380000141
32174935	551808825
32541359	23220447
32541359	145259685
32541359	4314685
32541359	139342518
32541359	445838058
32541359	134343731
33116211	311748656
33457384	21032022
33457384	42329457
33961860	107360380
33975624	123585867
33975624	167212859
33975624	236723456
33975624	295459747
33975624	148291815
33975624	49614032
33975624	417972864
34187602	10484713
34453247	51157491
34453247	185245999
34453247	100865244
34453247	176184405
34453247	15420421
34510856	16779762
34722207	183928744
34809581	16489671
34809581	84728121
34809581	16585883
34809581	58466909
34809581	50706090
34830567	349658684
34830567	106132174
34830567	50706090
34830567	156586391
35046806	92678374
35046806	182668195
35046806	340380789
35046806	4314685
35046806	258137616
35046806	437324191
35046806	357679457
35139973	100865244
35280044	326149624
35280044	155746903
35280044	250713457
35280044	190906360
35280044	93242700
35280044	287625894
35280044	67881104
36003574	151649558
36254209	92678374
36347360	38012778
36347360	118491194
36581239	45573883
36581239	14580646
36615457	455171436
36615457	377878453
36615457	92678374
36615457	134878936
36615457	213077583
36615457	97810292
36615457	331164708
36615457	4314685
36615457	359790151
36615457	6172304
36615457	94717537
36615457	322381319
36615457	295076097
37147038	100865244
37226426	279337222
37226426	92678374
37226426	4314685
37226426	380000141
37264717	445838058
37297387	85603370
37459474	8882001
37523692	16489671
37638729	3381588
37638729	32278036
37638729	240706102
37638729	236902665
37664466	26272554
37664466	32041776
37664466	55060502
37664466	21283343
37664466	154293212
37709667	14176283
37709667	41607219
37709667	4314685
37709667	136509466
37709667	63982740
37709667	110880825
37709667	283569997
37709667	79073344
37709667	23431639
37709667	8570975
37709667	185245999
38012778	36347360
38012778	78380405
38157701	213071042
38157701	63982740
38157701	42173789
38178584	83414129
38178584	7649716
38178584	4314685
38178584	479770917
38178584	380000141
38178584	13207371
38450795	2656884
38475271	11871440
38475271	100865244
38792844	67611910
38792844	62168015
38792844	250937438
39096471	50159317
39096471	69842892
39096471	445838058
39387911	4314685
39387911	155490389
39558927	207864485
39558927	163354915
39558927	6591169
40037849	45418424
40251836	437324191
40255495	56072854
40546643	163354915
40616534	8908389
40616534	113466091
41219796	115825985
41219796	150418882
41219796	400331228
41219796	42289964
41219796	142619384
41219796	450981201
41718371	92678374
41718371	134878936
41718371	4314685
41718371	76472821
41718371	171832506
41853068	502369761
42173789	213071042
42173789	135537252
42173789	273532451
42173789	54298423
42173789	38157701
42173789	4314685
42173789	9494175
42173789	101911934
42173789	3705457
42173789	146987768
42173789	51174864
42173789	8908389
42173789	58466909
42173789	395447446
42173789	50706090
42173789	152544480
42173789	500907872
42173789	783984
42173789	190934200
42173789	110355226
42173789	380000141
42173789	551808825
42173789	144400713
42173789	145446999
42173789	400331228
42173789	172840549
42173789	256840117
42173789	250937438
42173789	83853002
42173789	437324191
42173789	34453247
42173789	15420421
42223265	216467177
42223265	69274259
42223265	68965016
42223265	14580646
42289964	102791628
42289964	41219796
42289964	456437547
42289964	77295284
42522980	16585883
42522980	13820740
43230241	21291700
43230241	117794945
43263215	108802194
44270831	322091648
44353425	49609011
44532797	143903223
44639671	155977595
44639671	185245999
44806712	5369178
44806712	15659203
45103078	78380405
45216720	495785743
45216720	265677387
45216720	78531933
45216720	262066182
45216720	153714475
45683107	409276419
45873375	66266202
46023883	6591169
46582429	400331228
46582429	202252698
46582429	71586949
46582429	78380405
46582429	250937438
46582429	163354915
46582429	6243761
46582429	40546643
46613654	5707163
46613654	4276867
46613654	125776873
46613654	144079924
46613654	123988342
46613654	153739512
46613654	115739489
46613654	846291
46613654	134739015
46900872	783984
47081076	40546643
47128206	153450184
47530948	166119550
47530948	247458483
47530948	140175919
47530948	125776873
47698977	39096471
47771510	256840117
48252122	163085492
48252122	117062897
49049326	418096276
49049326	150725350
49049326	78791516
49049326	51893829
49049326	63149705
49344865	57548803
49344865	72753802
49344865	148154226
49344865	53147047
49344865	100865244
49344865	271833283
49344865	139806799
49382204	326149624
49609011	277674140
49609011	175469512
49609011	31296255
49609011	44353425
49614032	108631962
49614032	400331228
49614032	191385004
49667362	93685835
49667362	130904748
49667362	32084986
49667362	26108515
49667362	20777065
49667362	31296255
49667362	201376440
49667362	101944163
49667362	102438990
49905482	133815262
49905482	69274259
49905482	98629036
49905482	182874675
50042449	85603370
50042449	102456346
50042449	22426402
50042449	58466909
50061724	24635735
50159317	7949206
50590666	96892490
50590666	63982740
50590666	95308521
50618691	277674140
50618691	131983424
50618691	21291700
50627707	304595711
50627707	246406000
50742047	141415864
50956163	96977416
50956163	4314685
50956163	153563332
50956163	380000141
50956163	551808825
51157491	295076097
51157491	34453247
51157491	45103078
51174864	42173789
51255025	92678374
51255025	68134317
51555822	58466909
51555822	153739512
51555822	395016185
51677695	514217664
51677695	2307899
51677695	132981056
51893829	49049326
51893829	63149705
52079998	24367374
52079998	19170665
52299262	22264748
53147047	15347617
53147047	217540421
53147047	26212195
53209742	60679517
53209742	121636804
53341397	15848659
53341397	2246707
53341397	46023883
53341397	4314685
53341397	116532110
53341397	10484713
53341397	14933725
53341397	504415963
53341397	107034392
53341397	8908389
53341397	51157491
53341397	12811608
53341397	445838058
53341397	295076097
53369822	191648353
53369822	148495052
53410625	108344686
53410625	163354915
53410625	139806799
53410625	437324191
54179810	28478225
54602812	8998638
54602812	46565783
54602812	3141257
54602812	182010584
54602812	136509466
54602812	8908389
54602812	100865244
55060502	4314685
55060502	153003813
55060502	133887655
55060502	37664466
55060502	145446999
55113986	158964458
55113986	92678374
55113986	134878936
55113986	3141257
55113986	112996111
55113986	3705457
55113986	6444023
55113986	783984
55270723	154212292
55270723	67881104
55319050	501920803
55319050	135537252
55319050	16585883
55319050	58352145
56072854	40255495
56242446	228520975
56247820	189239420
56247820	319162292
57036133	73082715
57290576	395016185
57548803	87358768
57548803	74994231
57548803	271833283
57621207	86606035
57621207	75592135
57770226	83035792
57770226	11677629
57770226	4314685
58070233	146696870
58070233	94025787
58070233	78791516
58272792	23261000
58272792	33201748
58287885	163354915
58352145	841084
58352145	329269448
58352145	55319050
58352145	280259062
58352145	73154214
58352145	345326838
58352145	160401141
58352145	395016185
58352145	449954422
58406385	497646974
58406385	9563462
58406385	269165605
58406385	172840549
58466909	23431639
58466909	8908389
58466909	119951149
58466909	423019635
58466909	184260196
58466909	93242700
58466909	50706090
58466909	148291815
58466909	69054437
58466909	185245999
58466909	361164399
58466909	783984
58466909	156586391
58466909	380000141
58466909	51555822
58466909	143707990
58466909	3366273
58466909	135304745
58466909	140438021
58466909	100865244
58466909	400331228
58466909	153739512
58466909	105814786
58466909	50042449
58466909	31029562
58466909	26813720
58466909	846291
58466909	81395762
58466909	22070783
58466909	876964
58466909	250937438
58466909	286478
58466909	226238231
58466909	139806799
58466909	83853002
58466909	437324191
58466909	64684306
58916369	299014850
58916369	306724864
59803076	255019828
59803076	295076097
59914589	13786584
59914589	75788363
59914589	14611823
60194398	375327653
60194398	101911934
60194398	447990852
60255901	147939404
60439033	280259062
60439033	445838058
60679517	53209742
60779325	99121162
60779325	154539277
60947216	92278602
60947216	102456346
60947216	105670040
60947216	25623006
60947216	400331228
61422643	377878453
61422643	92678374
61422643	134878936
61422643	88735314
61422643	84861486
61422643	3141257
61422643	203308027
61422643	19098871
61422643	4314685
61422643	21334487
61422643	176558547
61422643	15037268
61422643	100865244
61422643	395016185
61425889	400331228
61425889	40025304
61425889	24068011
61928585	186171022
62168015	217512019
62168015	381482815
62168015	127830695
62168015	38792844
62168015	11871440
62168015	12711466
62168015	163354915
62182312	15757516
62508041	108833462
62508041	74585734
62508041	116032823
62508041	26813720
63066275	4314685
63495407	151850454
63579563	12711466
63579563	249865880
63982740	40546643
65179614	100865244
65179614	36631417
65736858	153648220
65736858	4314685
65736858	365135712
65736858	131690092
65736858	131983424
65736858	154539277
65736858	177205265
66266202	57548803
66266202	45873375
67390807	139806799
67572423	133484745
67611910	332784367
67611910	38792844
67881104	326149624
67881104	155746903
67881104	250713457
67881104	136446061
67881104	4314685
67881104	35280044
67881104	226439735
67881104	93242700
67881104	55270723
67881104	246406000
67881104	119478687
68058429	43063780
68134317	4314685
68134317	51255025
68134317	170993952
68965016	42223265
69054437	92678374
69054437	46613654
69054437	258820830
69054437	8908389
69054437	58466909
69054437	337428203
69054437	51157491
69054437	88600057
69054437	783984
69054437	11871440
69054437	145446999
69054437	163354915
69054437	151081524
69614458	94315825
70217824	304595711
70217824	145204371
70217824	4314685
70217824	53147047
70217824	133599891
70454483	135190702
70454483	305871474
70454483	142619384
70454483	203524870
70494318	211001609
70494318	151850454
70494318	437765796
70494318	230392308
70494318	162616431
70964223	228803743
70964223	24398962
71419824	104341687
71419824	551808825
71586949	163354915
71586949	445838058
71908082	46900872
71938301	6537315
71938301	143091483
72096699	190207487
72096699	17500492
72096699	37269369
72402452	285298433
72838644	71908082
72838644	94584996
73154214	250937438
73154214	395016185
73275742	83853002
73401512	12811608
73401512	3247668
73783768	357679457
74585734	1191306
74585734	62508041
74585734	116032823
74585734	26813720
74994231	57548803
75592135	394536878
75592135	86606035
75592135	57621207
75788363	59914589
75788363	14611823
75788363	4506846
75868666	215399094
75868666	92678374
75868666	98746385
76472821	361164399
76472821	783984
76472821	380000141
76472821	1217112
76472821	324075533
76472821	551808825
76472821	125776873
76472821	100865244
76472821	400331228
76472821	81395762
76472821	138316266
76479202	123869507
76631487	160401141
77295284	105760082
77295284	219395727
77295284	116106877
77295284	42289964
77295284	95403845
78190652	117159627
78190652	400331228
78380405	4314685
78380405	133303438
78380405	36075479
78380405	38012778
78380405	118491194
78380405	46582429
78380405	45103078
78692643	186171022
78692643	124432493
78692643	409276419
78692643	130904748
78692643	134939781
78692643	205482906
78692643	138247695
78692643	22420378
78692643	133233618
78791516	148212939
78791516	58070233
78791516	32174935
78791516	49049326
78791516	46582429
78791516	63149705
78980579	110045613
78980579	29023583
78980579	43533305
78980579	14666772
78980579	185245999
79073344	495785743
79073344	46613654
79073344	87266011
79073344	4314685
79073344	37709667
79073344	184260196
79073344	251452632
79073344	453992243
79685906	146590196
79768387	187767874
79768387	283134801
79768387	4314685
79768387	77415490
79768387	192524732
79768387	146568390
79946289	12002169
81364010	358909690
81364010	259842046
81364010	432698073
81364010	248084155
81364010	227576604
81364010	277674140
81364010	153739512
81473203	364303780
81473203	20277482
81507887	230522285
81507887	357847256
81507887	237193013
81507887	4314685
81507887	176682047
81507887	100417474
81507887	41219796
81507887	16297844
81507887	145446999
81507887	5595242
81590805	85274994
83336714	123988342
83798735	4314685
83798735	53410625
83798735	22052363
83798735	342199953
83798735	24068011
83853002	213071042
83853002	135537252
83853002	120148418
83853002	4314685
83853002	9494175
83853002	42173789
83853002	101911934
83853002	3705457
83853002	16585883
83853002	58466909
83853002	50706090
83853002	152544480
83853002	185245999
83853002	73275742
83853002	256840117
83853002	250937438
84027117	185245999
84027117	144982711
84105649	94831389
84105649	178322446
84156685	4314685
84156685	131983424
84156685	140163502
84174350	183928744
84232918	188586489
84232918	222184030
84728121	34809581
84728121	58466909
84861486	105221166
84861486	92678374
84861486	4314685
84861486	61422643
84861486	131983424
84861486	133233618
85768497	92678374
85973086	4314685
85973086	280259062
86183589	339870929
86183589	120049594
86184051	32041776
86184051	77415490
86184051	61509375
87358768	57548803
87358768	197218411
87358768	125776873
87358768	186484989
88254899	379689211
88254899	76472821
88260244	87266011
88452423	294042626
88452423	5369178
88452423	5595242
88452423	129056837
88503248	300437881
88503248	35820986
88503248	20943011
88503248	4314685
88503248	170065238
88503248	400331228
88503248	295076097
88600057	1838317
88600057	3141257
88600057	32041776
88600057	3192276
88600057	306909436
88600057	69054437
88600057	12711466
89266163	5595242
90040067	163354915
90040067	247609173
90475185	182633572
91135283	47081076
91161660	33635713
91161660	3175213
91286615	4314685
91562336	400331228
91690046	332660512
91690046	142618961
91814532	360481746
91814532	499587826
91814532	127830695
91814532	14166413
91902754	194808264
91963811	495785743
91963811	4314685
91963811	182046620
91965317	121123869
92172771	11938387
92172771	280259062
92278602	219704397
92278602	60947216
92278602	280259062
92291254	105151575
92401705	30650194
93242700	100865244
93242700	105814786
93242700	67881104
93242700	250937438
93242700	437324191
93471137	265031527
93912097	136687794
93981091	144942637
93981091	380000141
93981091	31029562
94025787	46613654
94025787	432698073
94025787	248084155
94025787	58070233
94025787	12029127
94025787	153739512
94315825	69614458
94437751	99121162
94437751	26813720
94437751	145861788
94706150	139918757
94706150	133806133
94717537	36615457
94717537	380000141
94717537	551808825
94717537	176184405
94717537	445838058
94717537	295076097
94781126	168515187
94781126	73154214
94831389	228803743
94831389	395638504
94831389	84105649
95308521	152365083
95308521	140748381
95308521	135221160
95308521	50590666
95398775	6260067
95398775	92678374
95398775	146889829
95398775	258820830
95398775	381482815
95398775	117138995
95398775	369325665
95398775	183928744
95398775	79839275
95398775	53147047
95398775	131983424
95398775	144942637
95398775	420270871
95398775	380000141
95398775	551808825
95398775	280259062
95398775	26813720
95398775	81395762
95398775	437324191
95398775	34453247
95492418	222331327
95584866	211001609
95584866	182100005
95584866	151850454
95713547	17860571
95713547	4314685
95713547	31296255
95761834	248084155
95761834	321202303
95761834	119951149
95761834	58466909
95761834	24367374
95761834	12029127
95761834	100865244
95761834	28625080
95761834	846291
95761834	876964
95916092	136509466
96015380	6575972
96125713	108820916
96125713	219395727
96183119	161634943
96183119	168655083
96977416	14176283
96977416	164517823
96977416	156635169
96977416	233105955
96977416	41219796
96977416	50956163
97100671	27015679
97100671	139806799
97285976	219704397
97285976	138458332
97285976	17646484
97285976	157413502
97446950	134393964
97861929	91855401
97861929	103966182
97979363	105752709
98249232	28832466
98249232	12839235
98249232	174530255
98519381	373012756
98519381	254973422
98541207	88735314
98541207	15208353
98541207	241234322
98541207	36631417
98746385	5595242
98746385	140163502
98746385	437324191
99310552	146987768
99310552	197159652
100092892	175469512
100417474	81507887
100417474	138122123
100865244	139806799
100865244	40546643
100865244	34453247
100946433	107298811
101702930	445838058
101944163	130904748
101944163	49667362
102155820	544363012
102155820	161634943
102155820	201344091
102155820	4314685
102155820	9494175
102155820	101911934
102155820	3705457
102155820	8908389
102155820	185923909
102155820	150668741
102155820	256840117
102155820	250937438
102155820	1812291
102155820	437324191
102456346	326149624
102456346	91450682
102456346	3416896
102456346	4314685
102456346	60947216
102456346	58466909
102456346	105670040
102456346	25623006
102456346	50042449
102456346	218167853
102456346	64684306
102791628	4314685
102791628	105814786
102791628	42289964
102791628	182968643
103351662	92678374
103351662	174702761
103351662	4314685
103351662	380000141
103966182	400331228
104529798	118988916
104760595	22052363
104760595	200186722
105151575	92291254
105151575	112977603
105588776	403322555
105670040	242044233
105670040	326149624
105670040	330209414
105670040	102456346
105670040	60947216
105670040	25623006
105752709	97979363
105752709	147261455
105752709	169005138
105752709	155270701
105760082	77295284
105814786	143903223
105814786	102791628
105814786	72753802
105814786	58466909
105814786	93242700
105987613	332784367
105987613	101911934
105987613	15420421
106567775	332784367
106567775	395634729
106567775	252908225
106567775	166864093
106567775	294938898
107034392	201344091
107034392	53341397
107034392	47081076
107034392	255549696
107034392	5707163
107189920	143903223
107189920	259842046
107189920	166812142
107189920	252280868
107189920	277674140
107298811	100946433
107360380	28569119
107360380	33961860
107360380	185245999
107360380	295076097
108344686	415634740
108344686	53410625
108344686	151373217
108344686	70494318
108344686	162616431
108631962	287625894
108631962	49614032
108770373	155270701
108802194	3705457
108802194	43263215
108812650	146696870
108820916	96125713
108820916	5653150
108820916	100865244
108820916	91016592
108915170	177205265
109463441	380000141
109822401	36631417
110880825	166812142
110880825	37709667
111085662	203308027
111328511	23261000
111987491	137498670
112044001	12681455
112044001	4314685
112977603	4314685
112977603	105151575
112977603	380000141
112977603	551808825
112977603	256840117
112996111	55113986
112996111	1525256
114415877	24386548
114415877	58466909
114415877	50706090
115180760	154740962
115739489	15848659
115739489	46613654
115739489	121794308
115739489	144079924
115825985	413352657
115825985	252487308
115825985	53410625
115825985	303353735
115825985	41219796
115933558	230522285
115933558	322297281
115933558	45514583
115933558	551808825
116106877	62443405
116106877	77295284
117056163	117062897
117056163	138102386
117056163	400331228
117056163	184977070
117062897	117056163
117062897	48252122
117062897	176682047
117063023	125661704
117063023	22438590
117138995	95398775
117138995	32041776
117138995	4314685
117138995	135924069
117138995	117266074
117138995	395016185
117159627	400331228
117266074	375327653
117266074	41607219
117266074	132137850
117266074	268620973
117780567	65179614
117780567	468695840
117780567	162035676
117780567	118491194
117794945	43230241
117794945	418650898
118230330	26813720
118390161	504415963
118441559	4314685
118441559	133484745
118491194	306027004
118491194	3128036
118491194	51157491
118491194	117780567
118491194	143707990
118491194	193394780
118491194	145446999
118491194	400331228
118491194	36347360
118491194	78380405
118491194	26212195
118682198	92678374
118682198	1999644
118682198	375327653
118682198	27418298
118682198	4314685
118682198	551808825
118988916	237193013
118988916	104529798
119072259	302617455
119072259	19248427
119478687	250713457
119478687	4314685
119478687	3705457
119478687	67881104
119941678	14597017
119941678	166812142
119941678	182824669
119941678	233012844
119941678	21132389
119951149	145446999
119951149	68779553
120049594	86183589
120049594	22129227
120311754	9563462
120311754	550086072
120493306	10569127
121320653	4314685
121607766	229238203
121607766	41607219
121607766	145363246
121636804	65179614
121636804	53209742
121636804	100865244
121636804	15347617
121636804	365408105
121794308	115739489
122101104	154539277
122840525	2246707
122840525	247074972
122840525	221597610
122840525	46023883
122840525	305673671
122840525	252908225
122840525	150668741
122840525	273387469
122840525	399590500
122840525	380000141
122840525	366318920
122840525	125776873
123000809	146987025
123000809	144400713
123000809	36631417
123129050	203308027
123129050	4314685
123314231	123585867
123314231	132205341
123367964	84786790
123367964	140438021
123399502	68951817
123399502	155746903
123399502	299258289
123399502	20777065
123399502	31296255
123399502	132741614
123585867	351308591
123585867	33975624
123585867	123314231
124432493	78692643
124432493	287719796
125661704	117063023
125661704	22438590
125719428	62029576
125719428	445838058
125776873	437324191
126498296	16297844
129056837	88452423
129056837	14166413
130090460	127729814
130904748	409276419
130904748	78692643
130904748	49667362
130904748	22420378
130904748	101944163
131682422	482376550
131682422	299766836
131690092	65736858
131690092	269753454
131690092	8414356
131690092	4314685
131690092	296740715
131690092	437324191
131983424	125776873
131983424	237680357
131983424	167908206
131989323	216467177
131989323	291177551
131989323	375327653
131989323	4314685
131989323	450923402
131992398	134878936
132134274	137928186
132134274	168995567
132134274	174530255
132137850	4314685
132137850	117266074
132137850	280259062
132205341	345428479
132205341	275212816
132205341	193415581
132205341	123314231
132379176	20675637
132702841	432784324
132702841	36631417
132702841	269165605
132764851	46613654
132764851	176682047
132764851	163217814
132764851	142619384
132764851	145363246
132981056	514217664
132981056	51677695
133063116	14166413
133233618	105221166
133233618	84861486
133233618	78692643
133233618	148154226
133233618	176393720
133303438	153900280
133303438	152573749
133303438	78380405
133303438	226238231
133484745	118441559
133484745	67572423
133599891	4314685
133599891	311748656
133599891	70217824
133806133	139918757
133806133	94706150
133806133	259842046
133806133	152508439
133806133	156666391
133806133	136987400
133887655	71586949
133887655	163354915
134238708	181580023
134343731	32541359
134343731	155270701
134343731	137361309
134739015	46613654
134739015	146155681
134739015	135347775
134878936	3247668
134878936	91016592
134878936	295076097
134910031	137297572
134910031	4314685
134939781	139477374
134939781	341100180
134939781	78692643
134939781	148154226
134939781	271833283
135190702	70454483
135190702	305593692
135190702	222862564
135190702	273387469
135190702	399590500
135190702	305871474
135190702	203086576
135221160	99248484
135221160	95634285
135221160	95308521
135221160	287625894
135221160	135304745
135221160	246406000
135304745	500907872
135304745	420270871
135304745	190934200
135304745	187761098
135304745	250937438
135347775	167392384
135347775	46613654
135347775	2467916
135347775	25715915
135347775	172059198
135347775	134739015
135352525	31621594
135537252	9494175
135537252	42173789
135537252	3705457
135537252	16585883
135537252	55319050
135537252	110355226
135537252	73154214
135537252	256840117
135537252	83853002
135672178	358909690
135672178	143707990
135672178	204109748
135774382	146093197
135774382	41219796
135890963	152365083
135890963	431116879
135906216	193992076
135906216	783984
135906216	46582429
135906216	250937438
135924069	117138995
136509466	176184405
136509466	59803076
136509466	329012861
136687794	93912097
136971098	375327653
136971098	145955368
136971098	348999750
136971098	551808825
136971098	248790964
136987400	272164690
136987400	139918757
136987400	133806133
136987400	269742209
137361309	134343731
137498670	111987491
137928186	132134274
137928186	101911934
137928186	6127517
137928186	152544480
138004667	88034490
138004667	177759487
138102386	117056163
138122123	100417474
138316266	92678374
138316266	11677629
138316266	182668195
138316266	269753454
138316266	76472821
138316266	159325702
138451557	426633484
138458332	97285976
138462292	278318145
138483777	224253579
138483777	64684306
138962440	139839385
139342518	427429863
139342518	140438021
139342518	194072099
139342518	250937438
139342518	6243761
139342518	395016185
139342518	437324191
139524641	189195084
139524641	146889829
139524641	20908493
139524641	22286468
139524641	325509281
139524641	197218411
139615087	88034490
139615087	177759487
139806799	28832466
139806799	49344865
139806799	97100671
139806799	156635169
139806799	263832419
139806799	53410625
139806799	154506786
139806799	58466909
139806799	67390807
139806799	100865244
139814540	20263394
139814540	50159317
139839385	332784367
139839385	138962440
139839385	4314685
139839385	101911934
139839385	14166413
139839385	551808825
139918757	94706150
139918757	133806133
139918757	136987400
139958089	359352487
140175919	161634943
140175919	215254734
140175919	152793681
140175919	47530948
140175919	300123303
140175919	191385004
140231478	4314685
140335435	93025585
140335435	146590196
140335435	111116338
140335435	380000141
140438021	92678374
140438021	19248427
140438021	4314685
140438021	123367964
140438021	3705457
140438021	159325702
140438021	16585883
140438021	6444023
140438021	29700420
140438021	210959481
140438021	58466909
140438021	139342518
140438021	21334487
140438021	407626292
140438021	185245999
140438021	783984
140438021	31029562
140438021	22070783
140438021	256840117
140438021	250937438
140551978	62298337
140568450	332784367
140568450	190732392
140748381	181133464
140748381	184260196
140748381	185923909
140748381	95308521
140748381	224414445
140748381	135304745
140748381	400331228
140806331	23261000
140806331	24367374
140806331	2014662
140806331	40735817
140973294	29700420
141213009	291381861
141415864	22381646
141415864	50742047
141880602	4314685
141980329	280259062
142506289	186221501
142618961	277674140
142618961	400331228
142618961	91690046
142619384	70454483
142619384	4314685
142619384	176682047
142619384	156635169
142619384	25623006
142619384	132764851
142619384	41219796
142619384	280259062
142629131	36631417
142721348	218352815
142731897	300437881
142731897	8908389
142771871	190906360
142771871	222184030
142985369	92678374
143091483	71938301
143903223	279337222
143903223	259842046
143903223	166812142
143903223	107189920
143903223	44532797
143903223	105814786
144079924	43559969
144079924	46613654
144079924	115739489
144079924	395016185
144203974	223269345
144203974	146568390
144400713	42173789
144400713	123000809
144707580	426633484
144823401	455908226
144823401	352105605
144863498	4314685
144863498	131983424
145204371	46613654
145204371	63982740
145204371	252908225
145204371	121794308
145204371	407626292
145204371	70217824
145363246	121607766
145363246	241234322
145363246	319790291
145363246	306027004
145363246	132764851
145446999	332784367
145446999	271371026
145446999	81507887
145446999	229996568
145446999	42173789
145446999	266726500
145446999	55060502
145446999	13755895
145446999	119951149
145446999	98746385
145446999	14166413
145446999	233105955
145446999	69054437
145446999	118491194
145446999	197218411
145446999	250937438
145446999	26212195
145867306	176603623
145867306	155270701
145871240	21420551
145871240	80740502
145882022	9131249
145955368	136971098
146080218	4314685
146093197	135774382
146093197	41219796
146155681	134739015
146590196	271833283
146696870	108812650
146696870	4376057
146975352	375327653
146975352	168496904
146975352	20263394
146975352	184260196
146975352	445838058
146975352	437324191
146987025	123000809
146987768	99310552
146987768	42173789
146987768	197159652
146987768	191385004
147939404	60255901
148154226	146590196
148154226	49344865
148154226	134939781
148154226	4314685
148154226	127830695
148154226	154053547
148154226	133233618
148154226	271833283
148291815	449366003
148291815	332784367
148291815	157366067
148291815	33975624
148291815	227076350
148291815	299014850
148291815	237193013
148291815	298450428
148291815	256620252
148291815	101911934
148291815	425616732
148291815	417113439
148291815	58466909
148291815	150668741
148291815	466083368
148291815	222362644
148291815	250937438
148383303	212905403
148383303	176393720
148495052	191648353
148495052	53369822
148495052	2154846
150668741	201344091
150668741	3705457
150668741	122840525
150668741	185923909
150668741	102155820
150668741	148291815
150668741	273387469
150668741	366318920
150668741	256840117
150668741	250937438
150725350	49049326
151081524	340144030
151081524	275212816
151081524	69054437
151081524	212122204
151312151	330209414
151373217	108344686
151649558	36003574
151749900	271371026
151769546	117159627
151850454	70494318
152245801	92678374
152245801	13755895
152245801	380000141
152312780	267565882
152312780	330244716
152365083	4314685
152365083	135890963
152365083	95308521
152508439	133806133
152508439	304533952
152508439	156666391
152508439	15347617
152573749	153900280
152573749	133303438
152603776	54881809
152793681	140175919
153328560	322381319
153450184	434905880
153450184	47128206
153563332	4314685
153563332	58466909
153563332	50706090
153563332	50956163
153648220	92678374
153648220	58466909
153648220	196080899
153739512	46613654
153739512	248084155
153739512	227576604
153739512	81364010
153739512	277674140
153739512	94025787
153739512	58466909
153739512	51555822
153739512	271833283
153900280	133303438
153900280	152573749
153913551	53410625
153913551	448884877
154053547	386214765
154053547	305673671
154053547	148154226
154053547	222184030
154053547	271833283
154212292	55270723
154293212	26272554
154293212	37664466
154386423	369325665
154386423	335710866
154506786	263832419
154506786	139806799
154539277	60779325
154539277	65736858
154539277	225807879
154539277	122101104
154740962	115180760
154740962	168655083
154859338	377408330
154859338	222862564
154859338	449285734
154898337	25297483
155270701	108770373
155270701	468695840
155270701	105752709
155270701	145867306
155270701	184387225
155270701	282140391
155270701	100865244
155270701	134343731
155449825	215155311
155449825	209642038
155490389	39387911
155746903	250713457
155746903	35280044
155746903	123399502
155746903	93242700
155746903	67881104
155772696	25899937
155832022	91384229
155977595	44639671
155977595	136509466
155977595	17277417
156269448	299258289
156269448	67387958
156586391	106132174
156586391	34830567
156586391	58466909
156586391	50706090
156635169	14176283
156635169	96977416
156635169	176682047
156635169	41219796
156635169	31615824
156635169	142619384
156635169	139806799
156666391	133806133
156666391	152508439
156666391	358310506
156669954	299766836
156874404	4314685
156874404	280259062
157366067	222862564
157366067	256620252
157366067	222362644
157366067	148291815
157611164	195495577
157611164	8570975
158150407	379689211
158409946	189195084
158409946	168655083
159325702	92678374
159325702	161634943
159325702	201344091
159325702	4314685
159325702	101911934
159325702	3705457
159325702	16585883
159325702	153714475
159325702	8908389
159325702	58466909
159325702	263686806
159325702	135304745
159325702	140438021
159325702	138316266
159325702	437324191
159646594	128964734
160214162	92678374
160214162	134878936
160214162	228520975
160214162	8908389
160214162	46900872
160401141	395016185
160764462	276151594
160764462	233012844
160764462	206530155
161027059	162575164
161027059	53410625
161119738	4314685
161634943	102155820
161634943	140175919
161634943	123988342
161634943	322381319
161634943	876964
161634943	300123303
161714689	351308591
161714689	91384229
161714689	4314685
161714689	287625894
162035676	36631417
162184816	61425889
162254074	271833283
162616431	309811687
162616431	202615043
162616431	181659143
162616431	70494318
162616431	108344686
163085492	48252122
163085492	199439799
163217814	354077616
163217814	132764851
163234191	20777065
163725259	386459265
163725259	338309392
163725259	185245999
164484973	188586489
164484973	357847256
164484973	246094911
164484973	450981201
164517823	146696870
164517823	364651594
164517823	2499152
164517823	96977416
164517823	9494175
164517823	101911934
164517823	3705457
164517823	492394815
164517823	449285734
164517823	317267621
164517823	500907872
164517823	190934200
164517823	50159317
164517823	61425889
164517823	28625080
164517823	250937438
164517823	429319995
164641074	82309028
164641074	207104198
164729636	92678374
164729636	7423166
164729636	203308027
164729636	4314685
164729636	76472821
164729636	143078081
164729636	58466909
164729636	380000141
164729636	551808825
164857520	4314685
164857520	14166413
164857520	31296255
165167410	259798762
166391151	275416083
166690102	92678374
166690102	3141257
166690102	9494175
166690102	846291
166761307	31255512
166803722	468695840
166803722	193992076
166812142	119941678
166812142	236723456
166812142	118491194
166812142	47530948
166864093	395634729
166864093	106567775
166887477	188382302
166887477	247074972
166887477	299014850
166887477	221597610
166887477	246081327
166887477	265685468
166887477	318253590
166887477	295076097
166958024	248140345
167212859	33975624
167231494	233012844
167392384	135347775
167392384	172059198
167901824	4314685
167901824	380000141
167908206	549638917
167908206	131983424
167908206	258797221
167908206	309438739
168496904	92678374
168496904	375327653
168496904	380000141
168496904	551808825
168496904	146975352
168496904	445838058
168496904	437324191
168515187	332784367
168515187	3705457
168515187	94781126
168515187	58466909
168515187	73154214
168515187	250937438
168738670	161644044
168738670	9563462
168738670	255035587
168777648	92678374
168777648	134878936
168777648	4314685
168777648	417972864
168803274	1812291
168995567	132134274
169005138	258820830
169005138	4314685
169005138	451784419
169005138	182633572
169005138	105752709
169005138	205936997
169085221	327649057
169092724	42329457
169670844	395016185
170993952	783984
171275817	3930708
171653014	4314685
171653014	424852929
171832506	92678374
171832506	161644044
171832506	180983034
171832506	4314685
171832506	76472821
171832506	9563462
171832506	41718371
171835725	305593692
171981417	199304476
172059198	167392384
172059198	395638504
172059198	135347775
172343397	163354915
172626400	181580023
172840549	42173789
172840549	58406385
173904821	332685894
174092981	219044451
174092981	100865244
174191842	376296111
174389211	188586489
174389211	237014970
174389211	259210742
174389211	370738865
174389211	411602549
174389211	193415581
174530255	98249232
174530255	132134274
174702761	92678374
174702761	497646974
174702761	182824669
174702761	4314685
174702761	113466091
174702761	90127654
174702761	46900872
174702761	103351662
174760293	9702119
174760293	4314685
175338940	151850454
175338940	217540421
175469512	92678374
175469512	134878936
175469512	49609011
175469512	100092892
175469512	4314685
176230979	4314685
176230979	143798843
176230979	77415490
176367193	248140345
176516645	217735778
176516645	4314685
176516645	53410625
176558547	61422643
176603623	375327653
176603623	145867306
176613526	197273792
176682047	81507887
176682047	219395727
176682047	181133464
176682047	156635169
176682047	132764851
176682047	41219796
176682047	117062897
176682047	150418882
176682047	36631417
176682047	142619384
176905839	29808674
176905839	7194141
177355513	92678374
177355513	184388020
177355513	224253087
177759487	468695840
177759487	139615087
177759487	95634285
177759487	138004667
178322446	199304476
178322446	4314685
178322446	391167101
178322446	131983424
178322446	196050527
178322446	224414445
178322446	400331228
178322446	84105649
178501853	303685886
178501853	23261000
178705100	46023883
178705100	538478284
178705100	8908389
178705100	30783568
178705100	471383468
178932780	3416896
178932780	213434991
178932780	45601862
178932780	286478
179528957	286327993
179528957	362646796
179528957	8908389
180096795	529062908
180096795	351571210
180096795	251945687
180477809	236915192
180586667	10484713
180586667	329012861
180930303	1191306
180983034	92678374
180983034	134878936
180983034	4314685
180983034	76472821
180983034	171832506
181054447	76472821
181133464	140748381
181580023	236061080
181659143	265739774
181659143	202615043
181659143	162616431
181759598	343177797
181759598	197854145
182046620	73082715
182046620	189195084
182046620	4314685
182046620	91963811
182100005	95584866
182100005	342199953
182223878	93242700
182626736	92678374
182626736	395016185
182633572	304595711
182633572	468695840
182633572	169005138
182633572	90475185
182668195	367878149
182668195	379689211
182668195	158964458
182668195	92678374
182668195	134878936
182668195	3167233
182668195	265031527
182668195	3141257
182668195	29023583
182668195	4314685
182668195	9494175
182668195	76472821
182668195	368547923
182668195	3705457
182668195	359790151
182668195	183928744
182668195	8908389
182668195	63942073
182668195	139342518
182668195	197858450
182668195	783984
182668195	380000141
182668195	551808825
182668195	322381319
182668195	194072099
182668195	138316266
182668195	35046806
182668195	437324191
182824669	280259062
182824669	426045082
182824669	267565882
182824669	90040067
182824669	46900872
182824669	330244716
182824669	247609173
182874675	42211177
182874675	5445094
182874675	49905482
182968643	102791628
182968643	4314685
182968643	296740715
183030551	206148060
183030551	328779169
183336797	194369111
183336797	226048447
183336797	4506846
183570945	305673671
183570945	37264717
183570945	48259254
183928744	139342518
183928744	34722207
183928744	500907872
183928744	5707163
183928744	494717926
183928744	6243761
184260196	332784367
184260196	4314685
184260196	79073344
184260196	140748381
184260196	58466909
184260196	400331228
184260196	250937438
184260196	146975352
184387225	4314685
184387225	155270701
184388020	188902158
184388020	423930614
184388020	177355513
184453835	222420823
184790421	207104198
184977070	117056163
184977070	267961624
185245999	445838058
185245999	295076097
185245999	6047141
185245999	83853002
185245999	6591169
185245999	34453247
185441812	295347402
185441812	4314685
185441812	256620252
185720896	309811687
185720896	324229057
185767041	4314685
185923909	161634943
185923909	201344091
185923909	65179614
185923909	140748381
185923909	150668741
185923909	102155820
186072525	305673671
186072525	431969120
186072525	295593561
186171022	230392308
186171022	342199953
186221501	195929601
186221501	227076350
186221501	304533952
186221501	142506289
186330540	92678374
186330540	269753454
186768645	456375599
187761098	210959481
187761098	135304745
187761098	250937438
188382302	4314685
188382302	394143804
188382302	166887477
188382302	265685468
188382302	318253590
188382302	295076097
188586489	357847256
188586489	187767874
188586489	84232918
188586489	164484973
188586489	174389211
188586489	343861403
189195084	306539373
189195084	86606035
189195084	139524641
189195084	176184405
189195084	158409946
189239420	271833283
189352314	250713457
190207487	17500492
190207487	37269369
190207487	72096699
190732392	140568450
190855353	92678374
190855353	4314685
190855353	76472821
190906360	215155311
190906360	142771871
190906360	100865244
190906360	400331228
191152475	305593692
191152475	4314685
191152475	204465033
191479030	92678374
191648353	375327653
191648353	53369822
191648353	148495052
192322775	475090034
192361869	195495577
192361869	32174935
192524732	79768387
192989766	6591169
193214583	92678374
193214583	4314685
193214583	389623122
193992076	166803722
193992076	135906216
193992076	8908389
193992076	58466909
194369111	183336797
194369111	258918273
194965376	4314685
195130394	548664334
195929601	225807879
195929601	222362644
196050527	178322446
196050527	210959481
196050527	400331228
196275064	350826615
196275064	173921109
196635638	47081076
196635638	176184405
197159652	99310552
197159652	146987768
197159652	26212195
197218411	47421616
197218411	266726500
197218411	119951149
197218411	137204573
197218411	19170665
197218411	139524641
197218411	100865244
197218411	145446999
197218411	186484989
197218411	87358768
197218411	250937438
197218411	79351781
197854145	476336479
197854145	343177797
197854145	516209582
197854145	247074972
197854145	221597610
197854145	320840522
197854145	4314685
197854145	409208429
197854145	181759598
197854145	131983424
197854145	399590500
198227395	57548803
199304476	171981417
199304476	400331228
199439799	163085492
199439799	4314685
199439799	280259062
200186722	92678374
200186722	104760595
200186722	22052363
200875136	380320460
201344091	92678374
201344091	161634943
201344091	47081076
201344091	4314685
201344091	101911934
201344091	3705457
201344091	159325702
201344091	107034392
201344091	255549696
201344091	150668741
201344091	102155820
201344091	517387796
201344091	400331228
201344091	246406000
201344091	256840117
201344091	437324191
201376440	102438990
202485869	304595711
202615043	265739774
202615043	247074972
202615043	181659143
202615043	399590500
202615043	162616431
203086576	273387469
203086576	342700998
203086576	135190702
203128563	283134801
203128563	4314685
203212237	296723545
203308027	111085662
203524870	70454483
203524870	4314685
203524870	400331228
203695935	92678374
204021674	123988342
204021674	400331228
204109748	135672178
204109748	147321894
204206017	92678374
204334642	193172220
204400925	181039345
205482906	242782328
205482906	78692643
206261944	222420823
206913366	551808825
206913366	151178732
207104198	164641074
207104198	184790421
207104198	25623006
207104198	317269284
207104198	377948589
209080231	233103852
209642038	466083368
209642038	215155311
209642038	155449825
210364636	7949206
210652930	139477374
211831266	21334487
211908781	3192276
212122204	197760494
212122204	361164399
212122204	151081524
212714436	418501439
212905403	227076350
212905403	342199953
212905403	148383303
213071042	199304476
213071042	168325894
213071042	38157701
213071042	9494175
213071042	42173789
213071042	8908389
213071042	152544480
213071042	500907872
213071042	110355226
213071042	256840117
213071042	250937438
213071042	83853002
213077583	157035050
213077583	92678374
213077583	20277482
213077583	319024293
213077583	4314685
213077583	36615457
213077583	246406000
213434991	43546899
213434991	169587292
213434991	3416896
213434991	178932780
213434991	369325665
213434991	19192382
213434991	335710866
213805109	119176552
215155311	190906360
215155311	209642038
215155311	155449825
215254734	140175919
215254734	400331228
215254734	176393720
215254734	321974533
215254734	300123303
215314458	132837879
215314458	23431639
215399094	92678374
215399094	75868666
216320606	328779169
216467177	135701308
216467177	42223265
216467177	131989323
216966497	162470359
217540421	92440403
217540421	53147047
217540421	175338940
217554107	182618003
217697263	293519475
218167853	102456346
218167853	400331228
218304967	92678374
218304967	134878936
218304967	265031527
218304967	94717537
218352815	142721348
218728146	311748656
218988066	92678374
219044451	174092981
219044451	4314685
219044451	100865244
219044451	305871474
219395727	380618688
219395727	497646974
219395727	96125713
219395727	176682047
219395727	104341687
219395727	468695840
219395727	18576576
219395727	100865244
219395727	77295284
219395727	177205265
219704397	92278602
219704397	323736439
219704397	97285976
219909433	58466909
220448235	255549696
220933150	26234577
220933150	248141445
220933150	400331228
220949090	253272956
220949090	283683084
221597610	420210961
221597610	263840184
221597610	247074972
221597610	197854145
221597610	299014850
221597610	320840522
221597610	409208429
221597610	166887477
221597610	252908225
221597610	122840525
221597610	265685468
221776803	222424417
221776803	443435769
221776803	190934200
221996342	3416896
222184030	386214765
222184030	84232918
222184030	154053547
222184030	142771871
222331327	95492418
222362644	157366067
222362644	195929601
222362644	227076350
222362644	256620252
222362644	148291815
222362644	245234063
222420823	206261944
222420823	184453835
222420823	447990852
222424417	221776803
222433870	354681544
222862564	305871474
222862564	377948589
223269345	258598673
223269345	306539373
223269345	144203974
223269345	146568390
223269345	265223125
223419110	497665465
223419110	161644044
223419110	145751789
223419110	404128957
223419110	340380789
223419110	54298423
223419110	395355460
223419110	76472821
223419110	58466909
223419110	10894395
223480080	123512233
224152490	23122233
224253087	177355513
224253579	138483777
224253579	256840117
224407557	49614032
224407557	269165605
224414445	283866136
224414445	258820830
224414445	178322446
224414445	140748381
224414445	317267621
224414445	295076097
224943703	309012991
225343233	479770917
226238231	133303438
226238231	58466909
226238231	21291700
226238231	380000141
226439735	250713457
226439735	228520975
226439735	512071856
226439735	93242700
226439735	67881104
226519952	2246707
226745633	369325665
226745633	422922443
227076350	186221501
227076350	304533952
227076350	298450428
227076350	233105955
227076350	222362644
227076350	148291815
227076350	212905403
227576604	81364010
227576604	153739512
228520975	163354915
228520975	309438739
228803743	428476227
228803743	183820312
228803743	304595711
228803743	94831389
228803743	418650898
228803743	296945721
228803743	70964223
228803743	468260957
228856234	183820312
228856234	304595711
228856234	46310092
228856234	287625894
228856234	247458483
228856234	300123303
228856234	191385004
229238203	121607766
229472399	501920803
229686586	515354259
229996568	68951817
229996568	145446999
229996568	26212195
230392308	186171022
230392308	211001609
230392308	373462334
230392308	377408330
230392308	70494318
230392308	342199953
230522285	81507887
230522285	15208353
230522285	115933558
233012844	167231494
233012844	119941678
233012844	160764462
233103852	209080231
233105955	88735314
233105955	227076350
233105955	96977416
233105955	145446999
233779359	519649394
233779359	210515160
234278190	418501439
234278190	380320460
235068288	456437547
235778159	2591584
236061080	147261455
236061080	181580023
236061080	123542208
236902665	305593692
236902665	298450428
236902665	37638729
237193013	58663041
237193013	81507887
237193013	24005140
237193013	298450428
237193013	25623006
237193013	148291815
237193013	118988916
237193013	36631417
237193013	177205265
237680357	131983424
238595227	57548803
240706102	37638729
241041755	259287278
241081785	395016185
241234322	319790291
241234322	306027004
241234322	98541207
241234322	145363246
241893807	375327653
242782328	205482906
242782328	83551115
243128509	375327653
243886214	455908226
243886214	352105605
245234063	222362644
246081327	166887477
246081327	265685468
246081327	296616859
246094911	164484973
246319675	364794992
246958694	27418298
246958694	10484713
246958694	12811608
247074972	420210961
247074972	263840184
247074972	197854145
247074972	221597610
247074972	305673671
247074972	409208429
247074972	166887477
247074972	252908225
247074972	202615043
247074972	122840525
247074972	399590500
247609173	163354915
247767407	359352487
247767407	307623736
248084155	25195517
248084155	46613654
248084155	95761834
248084155	432698073
248084155	81364010
248084155	94025787
248084155	119951149
248084155	58466909
248084155	24367374
248084155	273387469
248084155	12029127
248084155	125776873
248084155	153739512
248084155	846291
248084155	876964
248084155	45103078
248140345	176367193
248140345	166958024
248141445	137204573
248141445	1217112
248141445	220933150
248221610	280508421
248221610	330244716
248790964	8882001
248790964	136971098
248790964	445838058
249794000	4314685
249794000	397361183
249794000	315427103
250713457	155746903
250713457	35280044
250713457	226439735
250713457	189352314
250713457	93242700
250713457	67881104
250713457	119478687
250937438	213071042
250937438	332784367
250937438	271371026
250937438	164517823
250937438	93685835
250937438	168515187
250937438	3416896
250937438	9494175
250937438	42173789
250937438	101911934
250937438	3705457
250937438	254973422
250937438	135906216
250937438	16585883
250937438	492394815
250937438	38792844
250937438	8908389
250937438	184260196
250937438	58466909
250937438	14166413
250937438	150668741
250937438	139342518
250937438	102155820
250937438	93242700
250937438	50706090
250937438	148291815
250937438	197218411
250937438	500907872
250937438	783984
250937438	357777284
250937438	190934200
250937438	135304745
250937438	46582429
250937438	125776873
250937438	140438021
250937438	145446999
250937438	73154214
250937438	187761098
250937438	22070783
250937438	83853002
250937438	64684306
251452632	168792058
251452632	4314685
251452632	79073344
251452632	233186333
251476004	358909690
251476004	46613654
251476004	4314685
251476004	125776873
251476004	400331228
251735255	4314685
251735255	67387958
251735255	175684191
251735255	40546643
251945687	190906360
251945687	180096795
252280868	107189920
252487308	413352657
252487308	115825985
252763993	4314685
252763993	333256984
252901806	4314685
252901806	429715049
252901806	315427103
252908225	332784367
252908225	145204371
252908225	247074972
252908225	221597610
252908225	122840525
252908225	399590500
252908225	106567775
253027706	352105605
254599104	295593561
254599104	277646387
254973422	98519381
254973422	98746385
254973422	250937438
255035587	72115988
255035587	380000141
255035587	551808825
255035587	125776873
255035587	100865244
255035587	400331228
255035587	36631417
255035587	269165605
255161687	287626912
255549696	201344091
255549696	96892490
255549696	107034392
255549696	220448235
255549696	28625080
256620252	157366067
256620252	298450428
256620252	185441812
256620252	222362644
256620252	148291815
256840117	213071042
256840117	92678374
256840117	370951482
256840117	201344091
256840117	135537252
256840117	4314685
256840117	143798843
256840117	9494175
256840117	42173789
256840117	101911934
256840117	3705457
256840117	359790151
256840117	16585883
256840117	53410625
256840117	47771510
256840117	150668741
256840117	102155820
256840117	152544480
256840117	29017597
256840117	224253579
256840117	110355226
256840117	112977603
256840117	125776873
256840117	140438021
256840117	26813720
256840117	83853002
258137616	4506846
258137616	445838058
258137616	35046806
258598673	223269345
258598673	146568390
258797221	17975397
258797221	4314685
258797221	167908206
258820830	370738865
258820830	8908389
258820830	58466909
258820830	69054437
258820830	169005138
258820830	185245999
258820830	783984
258820830	224414445
258820830	846291
258820830	329012861
258820830	191385004
258863865	350322957
258863865	369325665
258863865	7932603
258918273	147261455
258918273	194369111
259210742	174389211
259210742	361452917
259210742	265685468
259210742	193415581
259287278	241041755
259287278	202849279
259798762	165167410
259842046	279337222
259842046	143903223
259842046	2246707
259842046	70454483
259842046	46613654
259842046	166812142
259842046	81364010
259842046	133806133
259842046	107189920
259842046	236723456
259842046	58466909
259842046	19170665
261681541	169587292
262066182	45216720
262932511	92678374
263799288	495684833
263832419	154506786
263832419	139806799
263840184	351308591
263840184	247074972
263840184	221597610
263840184	320840522
263840184	409208429
263840184	370738865
263840184	154152108
263840184	400331228
263840184	279779805
264186436	1191306
264186436	373511537
264707275	286327993
264707275	131983424
265031527	92678374
265031527	182668195
265031527	4314685
265031527	76472821
265031527	8908389
265031527	93471137
265031527	218304967
265031527	783984
265031527	324075533
265031527	6591169
265677387	45216720
265685468	318253590
265685468	366318920
265685468	295076097
265916833	169587292
265916833	288426293
265916833	369325665
265916833	493212177
265916833	263686806
265916833	395016185
266171419	26257634
266171419	7932603
266171419	58352145
266171419	212804186
266171419	329269448
266171419	551808825
267565882	182824669
267565882	152312780
267961624	184977070
268620973	117266074
268620973	46582429
268733325	4314685
268814890	36631417
269159503	134393964
269165605	288953866
269165605	497646974
269165605	46756119
269165605	287626912
269165605	132702841
269165605	224407557
269165605	255035587
269165605	16143541
269165605	551808825
269165605	58406385
269237329	22526977
269742209	273387469
269742209	136987400
270766090	1191306
271371026	332784367
271371026	3705457
271371026	203443875
271371026	151749900
271371026	58466909
271371026	14166413
271371026	118491194
271371026	145446999
271371026	250937438
271833283	380000141
271833283	125776873
271833283	400331228
271833283	153739512
272130469	102438990
272164690	136987400
273387469	358909690
273387469	46613654
273387469	248084155
273387469	269742209
273387469	46023883
273387469	122840525
273387469	150668741
273387469	366318920
273387469	135190702
273387469	203086576
273509974	366188406
273532451	4314685
273532451	42173789
273998701	345428479
273998701	361452917
273998701	193415581
275212816	370738865
275212816	132205341
275212816	315427103
275212816	151081524
277134503	375327653
277297328	2246707
277297328	46613654
277297328	51157491
277297328	4276867
277297328	6591169
277438900	92678374
277438900	190906360
277438900	455597554
277438900	117159627
277895544	443400976
277895544	92678374
277895544	350322957
277895544	4314685
277895544	12786626
277895544	380000141
277895544	551808825
278318145	138462292
278744773	237014970
278744773	384058541
279779805	263840184
279779805	409208429
280508421	248221610
280508421	210515160
282140391	455908226
282140391	206530155
282140391	155270701
282140391	400331228
283569997	163354915
283569997	45103078
283683084	220949090
283809565	314270663
283866136	317267621
283866136	224414445
285298433	72402452
286327993	179528957
286327993	264707275
286746992	4314685
287626912	255161687
287626912	269165605
288687880	400376679
288687880	23431639
288953866	20323641
288953866	269165605
291177551	216467177
291177551	17860571
291177551	131989323
291381861	92678374
291381861	141213009
292911527	341275634
292911527	423019635
293519475	217697263
293866157	476074927
295192848	16585883
295459747	33975624
295459747	342199953
295593561	254599104
295593561	305673671
295593561	186072525
295593561	431969120
296616859	246081327
296723545	332784367
296723545	101911934
296723545	203212237
296740715	432603154
296740715	131690092
296740715	182968643
297761874	74786150
297876755	430417158
298450428	449366003
298450428	227076350
298450428	299014850
298450428	121561718
298450428	237193013
298450428	256620252
298450428	148291815
298450428	100865244
298450428	236902665
299014850	221597610
299014850	298450428
299014850	166887477
299014850	306724864
299014850	148291815
299014850	58916369
299078960	193285145
299258289	156269448
299258289	123399502
299258289	31296255
299258289	67387958
299258289	45103078
299766836	482376550
299766836	156669954
299766836	131682422
299766836	4314685
299766836	362637275
299766836	53410625
299766836	125776873
299766836	458478416
300123303	161634943
300123303	215254734
300123303	342700998
300123303	140175919
300123303	228856234
300130020	377878453
300130020	92678374
300130020	134878936
300130020	58466909
300130020	255019828
300130020	380000141
300437881	88503248
300437881	142731897
300598297	92678374
300598297	177181607
301780903	4314685
302153938	14933725
302153938	176184405
302617455	119072259
302721419	25661171
302721419	139342518
303353735	20263394
303353735	115825985
303685886	178501853
304085080	328634354
304533952	186221501
304533952	195929601
304533952	152508439
304533952	227076350
304533952	49614032
304595711	228803743
304595711	258820830
304595711	46310092
304595711	202485869
304595711	4314685
304595711	50627707
304595711	182633572
304595711	151850454
304595711	70217824
304595711	228856234
305593692	191152475
305593692	171835725
305593692	435771482
305593692	135190702
305593692	236902665
305673671	154053547
305673671	255035587
305673671	431969120
305673671	247458483
305673671	399590500
305673671	366318920
305673671	295593561
306027004	241234322
306027004	118491194
306027004	145363246
306539373	189195084
306539373	223269345
306539373	395016185
306724864	299014850
306724864	316790489
306724864	58916369
306724864	49614032
306724864	330244716
306909436	5168446
306909436	417113439
306909436	90812723
306909436	8908389
306909436	88600057
306909436	783984
306909436	150418882
306909436	12711466
306909436	61425889
306909436	40025304
306909436	40546643
307623736	247767407
307634458	92678374
307634458	134878936
309012991	224943703
309255028	153714475
309811687	183820312
309811687	185720896
309811687	373462334
309811687	162616431
309942646	332689386
311748656	133599891
311748656	29137141
311748656	128964734
312346857	501920803
312346857	331164708
312346857	522070378
312346857	144485257
312346857	6243761
313010550	3705457
314270663	4314685
314270663	283809565
315427103	249794000
315427103	4314685
315427103	275212816
315427103	252901806
315427103	370738865
315462763	501920803
315462763	4314685
315462763	551808825
315462763	194072099
316790489	351571210
316790489	394143804
316790489	306724864
316871415	115642551
316871415	395016185
317269284	93685835
317269284	224642989
317269284	319162292
317269284	207104198
318253590	188382302
318253590	166887477
318253590	265685468
318253590	431969120
319024293	92678374
319024293	134878936
319024293	213077583
319024293	4942648
319024293	1165323
319024293	12626863
319162292	56247820
319162292	317269284
319162292	288077249
319790291	147261455
319790291	4314685
319790291	241234322
319790291	400331228
319790291	145363246
320840522	70454483
320840522	516209582
320840522	263840184
320840522	197854145
320840522	221597610
320840522	409208429
320840522	305871474
321974533	215254734
321974533	5648686
322091648	246406000
322381319	92678374
322381319	134878936
322381319	161634943
322381319	182668195
322381319	153328560
322381319	36615457
323736439	219704397
323736439	191385004
323736439	395016185
324075533	92678374
324075533	134878936
324075533	77846825
324075533	265031527
324075533	76472821
324075533	369325665
324075533	16775080
324075533	8908389
324075533	380000141
324184606	23261000
324184606	24398962
324229057	185720896
325509281	139524641
325509281	36631417
326266681	466083368
326941678	145861788
327632012	320156955
327649057	93242700
327649057	169085221
328634354	449366003
328634354	304085080
328634354	209642038
328779169	216320606
328779169	183030551
329469896	217735778
330209414	151312151
330209414	105670040
330244716	182824669
330244716	152312780
330244716	306724864
330244716	248221610
330582114	472692036
330582114	193285145
332685894	173904821
332689386	343861403
332689386	309942646
332784367	449366003
332784367	358909690
332784367	271371026
332784367	67611910
332784367	62029576
332784367	140568450
332784367	93685835
332784367	166812142
332784367	168515187
332784367	3416896
332784367	4314685
332784367	104341687
332784367	9494175
332784367	101911934
332784367	39096471
332784367	3705457
332784367	252908225
332784367	162035676
332784367	82947023
332784367	16585883
332784367	6444023
332784367	105987613
332784367	210959481
332784367	184260196
332784367	58466909
332784367	14166413
332784367	50706090
332784367	148291815
332784367	296723545
332784367	783984
332784367	190934200
332784367	139839385
332784367	143707990
332784367	145446999
332784367	73154214
332784367	250937438
332784367	106567775
332784367	220377281
333256984	252763993
333989362	111116338
335052632	4314685
335052632	437324191
335710866	415093040
335710866	369325665
335710866	213434991
335710866	154386423
335710866	160401141
335710866	395016185
337428203	69054437
337499810	364016374
339870929	86183589
339870929	280259062
340144030	151081524
340380789	379689211
340380789	92678374
340380789	3167233
340380789	404128957
340380789	4314685
340380789	76472821
340380789	101911934
340380789	223419110
340380789	6444023
340380789	58466909
340380789	10894395
340380789	190934200
340380789	390892138
340380789	35046806
340380789	395016185
341628456	4314685
342199953	449366003
342199953	186171022
342199953	211001609
342199953	182100005
342199953	83798735
342199953	295459747
342199953	437765796
342199953	398676209
342199953	230392308
342199953	212905403
342199953	280259062
342700998	300123303
342700998	203086576
342723641	187767874
342723641	137204573
343177797	197854145
343177797	181759598
343861403	188586489
343861403	332689386
343861403	47530948
346178259	8570975
346178259	157566212
347411591	4314685
347411591	163354915
347411591	395016185
348956334	93242700
349658684	34830567
349849044	400331228
349979025	212169005
350322957	395016185
350322957	268351018
350826615	166812142
350826615	196275064
351308591	206691271
351308591	263840184
351308591	123585867
351308591	391167101
351308591	161714689
351308591	348999750
351308591	287625894
351308591	224152490
354077616	20263394
354077616	163217814
354077616	354681544
354480644	512036336
354681544	354077616
354681544	222433870
357019303	472438080
357019303	291281630
357019303	4314685
357019303	437765796
357679457	377878453
357679457	379689211
357679457	368547923
357679457	10894395
357679457	73783768
357679457	35046806
357847256	98746385
358310506	190906360
358310506	156666391
358571877	217735778
359352487	139958089
359352487	247767407
359790151	379689211
359790151	92678374
359790151	134878936
359790151	3167233
359790151	182668195
359790151	76472821
359790151	431116879
359790151	248503781
359790151	36615457
359790151	256840117
361192225	41607219
361406776	78180346
361406776	91384229
361406776	294944277
364016374	337499810
364140180	28336700
364140180	3691673
364303780	81473203
364794992	211001609
364794992	246319675
364794992	398676209
365135712	65736858
365402704	253318629
365408105	121636804
365833092	456375599
366188406	370951482
366188406	403100229
366188406	273509974
366318920	4314685
366318920	305673671
366318920	122840525
366318920	265685468
366318920	150668741
366318920	273387469
367028404	445202054
368547923	379689211
368547923	182668195
368547923	357679457
370675986	428807466
370738865	263840184
370738865	258820830
370738865	465459132
370738865	174389211
370738865	275212816
370738865	315427103
370951482	497646974
370951482	24005140
370951482	366188406
370951482	185245999
370951482	142771871
370951482	125776873
370951482	256840117
372206632	98746385
373462334	472692036
373462334	183820312
373462334	309811687
373462334	377408330
373462334	151850454
373462334	437765796
373462334	230392308
373462334	190934200
373511537	264186436
375327653	131989323
375327653	146975352
375327653	445838058
375327653	6047141
375327653	437324191
376296111	529062908
376296111	201967606
376296111	174191842
376631600	4314685
377408330	211001609
377408330	373462334
377408330	154859338
377408330	151850454
377408330	230392308
377408330	190934200
379209383	305673671
380000141	112977603
380000141	16039765
380000141	50956163
380000141	81395762
380000141	103351662
380000141	152245801
380000141	271833283
380000141	226238231
380320460	200875136
380320460	234278190
380919230	25623006
381482815	8882001
381482815	108833462
381482815	95398775
381482815	4314685
381482815	62168015
381482815	246406000
382967418	418650898
383752708	4314685
383752708	12786626
384058541	237014970
384058541	278744773
386459265	163725259
389623122	193214583
390258825	493756960
390258825	392654272
391311512	49614032
392654272	390258825
393883794	77846825
394143804	188382302
394143804	351571210
394143804	316790489
395081941	4314685
395355460	223419110
395355460	10894395
395355460	783984
395447446	443400976
395447446	92678374
395447446	161644044
395447446	4314685
395447446	42173789
395447446	8908389
395447446	280259062
396921188	194774118
397361183	400331228
399191926	185245999
399191926	40735817
399326681	263686806
399326681	73154214
399326681	27351639
399326681	449954422
399590500	420210961
399590500	247074972
399590500	197854145
399590500	221597610
399590500	305673671
399590500	252908225
399590500	202615043
399590500	122840525
399590500	135190702
399590500	152210941
400376679	288687880
401979769	206148060
403100229	366188406
403245194	497646974
404128957	379689211
404128957	92678374
404128957	340380789
404128957	76472821
404128957	223419110
404128957	395016185
405074831	92678374
405074831	8908389
405074831	400331228
407626292	10843065
407626292	22070783
409208429	263840184
409208429	247074972
409208429	197854145
409208429	221597610
409208429	320840522
409208429	279779805
409276419	78692643
409276419	130904748
409276419	158012213
409276419	45683107
411602549	174389211
413352657	252487308
413352657	115825985
414549263	406671967
414588009	2347983
414588009	118491194
414588009	362955020
414588009	38475271
416059047	549638917
417113439	92678374
417113439	306909436
417113439	435771482
417113439	148291815
417113439	150418882
417972864	33975624
417972864	236723456
417972864	168777648
418196444	16585883
418196444	115642551
418501439	212714436
418501439	234278190
418650898	228803743
418650898	455597554
418650898	4314685
418650898	3705457
418650898	137204573
418650898	131983424
418650898	31296255
418650898	190934200
418650898	382967418
418650898	91016592
418650898	177205265
418650898	117794945
418895167	395016185
420270871	95398775
420270871	190934200
420270871	135304745
421591259	351571210
421980006	395016185
422922443	443622449
422922443	395016185
423019635	486029147
423019635	92678374
423019635	4314685
423019635	292911527
423019635	341275634
423019635	58466909
423930614	450923402
423930614	184388020
424852929	171653014
424852929	181039345
424852929	163354915
425616732	148291815
426070924	92678374
426633484	138451557
426633484	144707580
428247797	488621328
428476227	228803743
428476227	190934200
428476227	100865244
428807466	430417158
428807466	370675986
429319995	164517823
429319995	11534256
429433014	426045082
432603154	131983424
432603154	296740715
434337365	462031687
434681525	493756960
434847904	528130308
434847904	190934200
434905880	153450184
435771482	466374924
435771482	305593692
435771482	417113439
435771482	150418882
437324191	6260067
437324191	443400976
437324191	92678374
437324191	375327653
437324191	95398775
437324191	201344091
437324191	32766119
437324191	182668195
437324191	168496904
437324191	41607219
437324191	4314685
437324191	9494175
437324191	42173789
437324191	101911934
437324191	3705457
437324191	369325665
437324191	159325702
437324191	16585883
437324191	53410625
437324191	40251836
437324191	131690092
437324191	98746385
437324191	58466909
437324191	157413502
437324191	139342518
437324191	102155820
437324191	335052632
437324191	93242700
437324191	50706090
437324191	329269448
437324191	143707990
437324191	125776873
437324191	400331228
437324191	494114967
437324191	146975352
437324191	445838058
437324191	35046806
439123489	72115988
440365664	345428479
440454937	305673671
443435769	221776803
443622449	92678374
443622449	77846825
443622449	350322957
443622449	431116879
443622449	422922443
443622449	329269448
445039478	92678374
445202054	367028404
445202054	369325665
445202054	19192382
445838058	258137616
445838058	71586949
445838058	163492757
445838058	163354915
445838058	248790964
445838058	125719428
445838058	437324191
447990852	222420823
447990852	60194398
449285734	164517823
449285734	154859338
449285734	61425889
449285734	115922753
449366003	332784367
449366003	4314685
449366003	342199953
449366003	328634354
449691679	73401512
449691679	5445094
449954422	58352145
449954422	399326681
450923402	423930614
450923402	131989323
450981201	164484973
450981201	41219796
451784419	169005138
454202090	12286258
454370880	482376550
454469494	11229531
454469494	29023583
454469494	46023883
454469494	14933725
454469494	30783568
454469494	1525256
454469494	1217112
454469494	471383468
454469494	12811608
454469494	6591169
455735535	430417158
455735535	284995506
455908226	243886214
455908226	222862564
455908226	144823401
455908226	206530155
455908226	282140391
455908226	352105605
456375599	186768645
456375599	365833092
456437547	235068288
456437547	42289964
457232783	177205265
459719814	6598088
459719814	46582429
462031687	434337365
463275472	77846825
463275472	432690788
463275472	169587292
463275472	331164708
463275472	369325665
463275472	144485257
463275472	157413502
463275472	6243761
463275472	247609173
465459132	370738865
466083368	326266681
466083368	148291815
466083368	209642038
468695840	166803722
468695840	219395727
468695840	182633572
468695840	2014662
468695840	155270701
468695840	117780567
468695840	177759487
468695840	226851638
469667289	364651594
469667289	22426402
472438080	291281630
472438080	357019303
475090034	192322775
475985326	4314685
476074927	293866157
476336479	197854145
477231094	26234577
479129369	280259062
479169005	77846825
482376550	454370880
482376550	131682422
482376550	4314685
482376550	299766836
483218334	195037787
487383608	2246707
487383608	4276867
488621328	428247797
489006528	494320464
489230257	168792058
489662348	350322957
489662348	481098883
493212177	265916833
493756960	390258825
493756960	434681525
494320464	489006528
494717926	183928744
495684833	263799288
497646974	295076097
497646974	58406385
497665465	27166790
497665465	163354915
497665465	294944277
499587826	91814532
500907872	213071042
500907872	544363012
500907872	164517823
500907872	9494175
500907872	42173789
500907872	183928744
500907872	492394815
500907872	190934200
500907872	135304745
500907872	250937438
501920803	6243761
502369761	41853068
502369761	4314685
504238749	515354259
505146947	384216920
512036336	371065538
512071856	226439735
514217664	51677695
514217664	132981056
514867211	280259062
515354259	229686586
515354259	504238749
516209582	197854145
516209582	320840522
517676817	92678374
529062908	351571210
529062908	376296111
529062908	180096795
538478284	178705100
544363012	101911934
544363012	3705457
544363012	8908389
544363012	102155820
544363012	500907872
544363012	190934200
544363012	135304745
544465105	12811608
547031335	26813720
549000259	269753454
549638917	416059047
549638917	167908206
551808825	10894395
551808825	255035587
551808825	94717537
551808825	380000141
551808825	115933558
551808825	139839385
551808825	112977603
551808825	50956163
551808825	81395762
551808825	269165605
551808825	64684306
559017263	92678374
81542	2905392
592136	2905392
991556	415093040
1195035	69054437
1195035	783984
1217962	783984
1291387	286478
1291387	395016185
1291387	64684306
1564407	12279294
2467589	443400976
2467589	92678374
2467589	395016185
2972364	369325665
3169001	31296255
3169001	170993952
3723331	395016185
3783511	369325665
3783511	19268393
4625578	157413502
4722184	38450795
6086872	149597295
6086872	395016185
9103225	395016185
12657356	129820897
12657356	92678374
12657356	3141257
12657356	148122983
12714294	395016185
14802907	19192382
14802907	6243761
14802907	395016185
17067871	395016185
17377462	415093040
19192382	445202054
19192382	395016185
20106759	415093040
20440798	415093040
25952022	395016185
30786825	399326681
31663497	6243761
33442764	77846825
33442764	369325665
34838377	92678374
34838377	415093040
34838377	369325665
35658354	395016185
36664541	31296255
36664541	170993952
52387815	445202054
57290576	395016185
58352145	841084
58352145	329269448
58352145	55319050
58352145	280259062
58352145	73154214
58352145	345326838
58352145	160401141
58352145	395016185
58352145	449954422
61632716	153563332
61957194	395016185
65161895	395016185
65878348	61096096
73154214	250937438
73154214	395016185
81367634	72115988
85995391	369325665
90708702	395016185
95289271	430417158
95289271	350322957
95289271	395016185
95736615	415093040
95736615	77846825
99211515	86614821
106611302	19268393
106611302	76631487
106611302	160401141
110625019	3416896
110625019	250937438
110625019	286478
134868885	395016185
135785754	369325665
137801582	395016185
138343117	415093040
141225123	19393085
141225123	369325665
141225123	58352145
141225123	1217112
141411017	2905392
141411017	395016185
142953206	92678374
146138923	265650437
146138923	3416896
146138923	350322957
146138923	4563794
146138923	19268393
146138923	139342518
146401727	92678374
147968615	3416896
154598834	415093040
157128922	265650437
157128922	258820830
157128922	3416896
157128922	19268393
157128922	58352145
157128922	841084
157128922	399326681
157128922	73154214
160401141	395016185
165453190	8391221
165453190	205781747
165453190	250937438
166043273	395016185
170923740	61096096
172926446	92678374
172926446	28424707
172926446	501920803
172926446	406671967
172926446	369325665
172940493	19192382
172940493	76631487
172940493	160401141
172940493	437324191
175825534	92678374
175825534	77846825
175825534	6243761
182529381	149597295
182529381	395016185
186703163	157566212
210182467	22379464
210182467	463275472
210182467	92678374
210182467	501920803
210182467	134878936
210182467	415093040
210182467	51974780
210182467	350322957
210182467	277895544
210182467	369325665
210182467	12786626
210182467	157413502
210182467	6243761
210182467	395016185
214609795	144485257
216661160	51974780
220548582	12839235
224615037	395016185
226745633	369325665
226745633	422922443
233793408	395016185
242451351	277895544
244342990	61096096
244342990	53147047
244342990	31296255
244342990	170993952
244982624	92678374
244982624	350322957
247609173	163354915
250937438	213071042
250937438	332784367
250937438	271371026
250937438	164517823
250937438	93685835
250937438	168515187
250937438	3416896
250937438	9494175
250937438	42173789
250937438	101911934
250937438	3705457
250937438	254973422
250937438	135906216
250937438	16585883
250937438	492394815
250937438	38792844
250937438	8908389
250937438	184260196
250937438	58466909
250937438	14166413
250937438	150668741
250937438	139342518
250937438	102155820
250937438	93242700
250937438	50706090
250937438	148291815
250937438	197218411
250937438	500907872
250937438	783984
250937438	357777284
250937438	190934200
250937438	135304745
250937438	46582429
250937438	125776873
250937438	140438021
250937438	145446999
250937438	73154214
250937438	187761098
250937438	22070783
250937438	83853002
250937438	64684306
251644581	3416896
251644581	335710866
252145328	3416896
258863865	350322957
258863865	369325665
258863865	7932603
261681541	169587292
275973686	463275472
282559629	6243761
288830676	369325665
288830676	58352145
288830676	399326681
298570076	395016185
301218787	330582114
301218787	369325665
307528719	415093040
311614193	415093040
311614193	375327653
315745941	22379464
315745941	379689211
315745941	148122983
315745941	431116879
315745941	369325665
315745941	46757603
315745941	139342518
315745941	432784324
315745941	6243761
316871415	115642551
316871415	395016185
327445662	58352145
328872493	369325665
332305850	369325665
332614894	144485257
338140555	429715049
344638402	11705659
344638402	10894395
344638402	163492757
357637816	133233618
360042751	379689211
360042751	329269448
367028404	445202054
379113897	115642551
379113897	395016185
382778753	395016185
384283168	395016185
398962432	35046806
413942788	395016185
414549263	406671967
417326379	430417158
417326379	443400976
417326379	415093040
417326379	369325665
417326379	189046440
418851445	430417158
420761004	3416896
420761004	350322957
422922443	443622449
422922443	395016185
427220337	427429863
427220337	395016185
443309442	430417158
443622449	92678374
443622449	77846825
443622449	350322957
443622449	431116879
443622449	422922443
443622449	329269448
443720623	72115988
443720623	393883794
445202054	367028404
445202054	369325665
445202054	19192382
449954422	58352145
449954422	399326681
454072494	430417158
454072494	369325665
454072494	157413502
454072494	399326681
457232783	177205265
458530452	168772130
478340118	512036336
479169005	77846825
489662348	350322957
489662348	481098883
512036336	371065538
520152261	415093040
559017263	92678374
562992303	77846825
562992303	439123489
562992303	72115988
1291387	286478
1291387	395016185
1291387	64684306
2000116	19393085
2432048	189046440
3399427	395016185
4773188	59803076
4773188	395016185
5271117	135537252
5353711	430417158
5353711	395016185
5385293	395016185
6614331	122703641
8780269	3141257
10503016	247609173
10503016	268351018
10800529	395016185
11506810	19393085
12657356	129820897
12657356	92678374
12657356	3141257
12657356	148122983
13271408	19393085
13582715	501920803
13582715	415093040
14582565	395016185
14910692	395016185
16165700	123988342
17095649	19393085
17095649	369325665
17095649	183928744
17474824	395016185
18528530	31029562
19192382	445202054
19192382	395016185
20928399	19393085
20928399	31029562
23745461	19393085
23745461	189046440
23745461	395016185
25952022	395016185
26203753	19393085
27315417	350322957
27315417	19393085
27838720	135537252
27838720	395016185
28078385	111085662
30683443	375327653
32693553	135537252
32693553	395016185
33880490	92678374
37887693	185245999
40399727	9161451
46025086	59199250
49038934	46757603
57290576	395016185
90284216	19393085
90284216	395016185
91599002	415093040
91627239	41219796
92767567	59199250
93885056	395016185
95442715	169005138
97242461	415093040
97242461	12786626
101381804	19393085
103101165	19393085
105586931	525250863
108833133	6243761
108833133	247609173
110037913	369325665
110037913	395016185
134547473	395016185
135135182	395016185
141225123	19393085
141225123	369325665
141225123	58352145
141225123	1217112
141315992	290125283
141781692	191385004
144708909	258820830
147517331	19393085
147517331	4563794
153547385	118591694
154399737	369325665
166758616	135537252
166758616	19393085
171840233	395016185
171887614	19393085
178060103	395016185
178711076	395016185
181280242	350322957
181280242	19393085
181280242	395016185
182529381	149597295
182529381	395016185
184924619	3416896
184924619	350322957
184924619	19393085
184924619	369325665
184924619	395016185
185115000	841084
185115000	399326681
185115000	335710866
185115000	432528358
185827085	92678374
185827085	19393085
190414800	256620252
192719914	148122983
192758405	395016185
196994411	395016185
201662585	195037787
202353854	371065538
205733192	369325665
208571232	369325665
214116551	77846825
217098634	19393085
217098634	395016185
221172803	3416896
222865663	4506846
226745633	369325665
226745633	422922443
230360839	93242700
238267581	21420551
247609173	163354915
258863865	350322957
258863865	369325665
258863865	7932603
259685272	19393085
261681541	169587292
265828375	3416896
265828375	399326681
265828375	73154214
265916833	169587292
265916833	288426293
265916833	369325665
265916833	493212177
265916833	263686806
265916833	395016185
284878581	350322957
293417446	77846825
299287405	19393085
299287405	369325665
299287405	12786626
299287405	144485257
299287405	395016185
315462713	19393085
316871415	115642551
316871415	395016185
334003379	19393085
350322957	395016185
350322957	268351018
367028404	445202054
378840795	19393085
397654861	395016185
411992366	6243761
411992366	268351018
414549263	406671967
422922443	443622449
422922443	395016185
427930284	19393085
427930284	224414445
429571597	265650437
429571597	367028404
429571597	369325665
429571597	19268393
429571597	58352145
429571597	449954422
429966855	427074040
429966855	252763993
431248901	265650437
431248901	180613
431248901	367028404
431248901	350322957
431248901	19393085
431248901	369325665
431248901	19268393
431248901	395016185
431248901	449954422
431791513	265650437
431791513	51974780
431791513	148122983
431791513	19393085
431791513	369325665
431791513	58352145
431791513	19192382
431791513	399326681
431791513	73154214
431791513	250937438
431791513	395016185
432578204	326941678
445202054	367028404
445202054	369325665
445202054	19192382
449954422	58352145
449954422	399326681
457232783	177205265
471210364	19393085
479169005	77846825
488658681	217554107
508038144	395016185
512036336	371065538
559017263	92678374